observed_at,season,fpl_next_event,player_code,player_id,web_name,position,fpl_team,status,chance_next,chance_this,news,news_added
2026-09-30T20:59:25Z,2026-27,6,154561,1,Raya,GKP,Arsenal,a,,,,
2026-09-30T20:59:25Z,2026-27,6,109745,2,Arrizabalaga,GKP,Arsenal,a,,,,
2026-09-30T20:59:25Z,2026-27,6,437495,3,Meslier,GKP,Arsenal,a,,,,
2026-09-30T20:59:25Z,2026-27,6,226597,4,Gabriel,DEF,Arsenal,a,,,,
2026-09-30T20:59:25Z,2026-27,6,445122,5,J.Timber,DEF,Arsenal,a,100,100,,2026-07-23T12:01:23.272929Z
2026-09-30T20:59:25Z,2026-27,6,462424,6,Saliba,DEF,Arsenal,i,0,0,Back injury - Unknown return date,2026-07-23T12:01:23.289376Z
2026-09-30T20:59:25Z,2026-27,6,499169,7,Lewis-Skelly,MID,Arsenal,a,,,,
2026-09-30T20:59:25Z,2026-27,6,466075,8,Calafiori,DEF,Arsenal,a,,,,
2026-09-30T20:59:25Z,2026-27,6,448104,9,Hincapie,DEF,Arsenal,a,,,,
2026-09-30T20:59:25Z,2026-27,6,198869,10,White,DEF,Arsenal,d,75,100,Groin injury - 75% chance of playing,2026-09-20T19:30:08.247780Z
2026-09-30T20:59:25Z,2026-27,6,500040,11,Mosquera,DEF,Arsenal,a,100,100,,2026-09-04T14:00:08.080310Z
2026-09-30T20:59:25Z,2026-27,6,223340,12,Saka,MID,Arsenal,a,,,,
2026-09-30T20:59:25Z,2026-27,6,204480,13,Rice,MID,Arsenal,d,75,,Unspecified injury - 75% chance of playing,2026-09-21T13:00:08.896379Z
2026-09-30T20:59:25Z,2026-27,6,232413,14,Eze,MID,Arsenal,a,,,,
2026-09-30T20:59:25Z,2026-27,6,184029,15,Ødegaard,MID,Arsenal,a,,,,
2026-09-30T20:59:25Z,2026-27,6,248857,16,Madueke,MID,Arsenal,a,,,,
2026-09-30T20:59:25Z,2026-27,6,195384,17,Merino,MID,Arsenal,a,,,,
2026-09-30T20:59:25Z,2026-27,6,444145,18,Martinelli,MID,Arsenal,u,0,0,Has joined Al Hilal permanently,2026-09-04T12:34:46.738449Z
2026-09-30T20:59:25Z,2026-27,6,481655,19,Zubimendi,MID,Arsenal,a,,,,
2026-09-30T20:59:25Z,2026-27,6,616077,20,Dowman,MID,Arsenal,a,,,,
2026-09-30T20:59:25Z,2026-27,6,499175,22,Nwaneri,MID,Arsenal,u,0,0,Has joined Borussia Dortmund on loan for the rest of the season,2026-09-02T16:01:07.058827Z
2026-09-30T20:59:25Z,2026-27,6,438098,23,Fábio Vieira,MID,Arsenal,u,0,0,Has joined Hamburger SV permanently,2026-09-02T16:00:28.446370Z
2026-09-30T20:59:25Z,2026-27,6,200641,24,Nelson,MID,Arsenal,u,0,0,has departed the club as a free agent.,2026-08-29T00:33:08.556767Z
2026-09-30T20:59:25Z,2026-27,6,224117,25,Gyökeres,FWD,Arsenal,a,,,,
2026-09-30T20:59:25Z,2026-27,6,219847,26,Havertz,FWD,Arsenal,d,75,,Hamstring injury - 75% chance of playing,2026-09-24T22:00:09.120308Z
2026-09-30T20:59:25Z,2026-27,6,205651,27,G.Jesus,FWD,Arsenal,u,0,0,Has joined FC Barcelona permanently,2026-09-02T16:00:28.475184Z
2026-09-30T20:59:25Z,2026-27,6,199798,31,Konsa,DEF,Arsenal,a,,,,
2026-09-30T20:59:25Z,2026-27,6,208706,452,Bruno G.,MID,Arsenal,a,100,100,,2026-09-04T14:00:08.328779Z
2026-09-30T20:59:25Z,2026-27,6,439509,557,Tzolis,MID,Arsenal,a,,,,
2026-09-30T20:59:25Z,2026-27,6,72147,29,M.Bizot,GKP,Aston Villa,i,0,0,Back injury - Expected back 10 Oct,2026-09-17T07:30:09.058151Z
2026-09-30T20:59:25Z,2026-27,6,101188,30,Digne,DEF,Aston Villa,u,0,0,Has joined Paris Saint-Germain permanently,2026-08-10T14:03:30.089007Z
2026-09-30T20:59:25Z,2026-27,6,199796,32,Cash,DEF,Aston Villa,a,100,100,,2026-09-09T14:30:08.192142Z
2026-09-30T20:59:25Z,2026-27,6,149484,33,Mings,DEF,Aston Villa,a,,,,
2026-09-30T20:59:25Z,2026-27,6,244954,34,Pau,DEF,Aston Villa,i,0,0,Hamstring injury - Expected back 10 Oct,2026-09-12T18:00:08.712707Z
2026-09-30T20:59:25Z,2026-27,6,515597,35,Bogarde,MID,Aston Villa,a,,,,
2026-09-30T20:59:25Z,2026-27,6,441302,36,Maatsen,DEF,Aston Villa,i,0,0,Ankle injury - Unknown return date,2026-09-12T18:00:08.729468Z
2026-09-30T20:59:25Z,2026-27,6,184667,37,Lindelöf,DEF,Aston Villa,a,,,,
2026-09-30T20:59:25Z,2026-27,6,606798,38,A.García,DEF,Aston Villa,a,,,,
2026-09-30T20:59:25Z,2026-27,6,578545,39,Nedeljkovic,DEF,Aston Villa,u,0,0,Has joined Rangers on loan for the rest of the season,2026-08-19T13:56:46.385411Z
2026-09-30T20:59:25Z,2026-27,6,195546,41,Buendía,MID,Aston Villa,a,,,,
2026-09-30T20:59:25Z,2026-27,6,215711,44,Bailey,MID,Aston Villa,u,0,0,Has joined Olympiakos permanently,2026-09-04T12:35:14.472260Z
2026-09-30T20:59:25Z,2026-27,6,122806,45,McGinn,MID,Aston Villa,a,,,,
2026-09-30T20:59:25Z,2026-27,6,88894,46,Barkley,MID,Aston Villa,a,,,,
2026-09-30T20:59:25Z,2026-27,6,226944,47,Kamara,MID,Aston Villa,a,100,100,,2026-07-23T12:01:23.337269Z
2026-09-30T20:59:25Z,2026-27,6,449871,48,Onana,MID,Aston Villa,i,0,0,Knee injury - Unknown return date,2026-07-23T12:01:23.352497Z
2026-09-30T20:59:25Z,2026-27,6,469247,49,Iling Jr,MID,Aston Villa,u,0,0,Has joined Bolton Wanderers on loan for the rest of the season,2026-08-17T13:52:28.532616Z
2026-09-30T20:59:25Z,2026-27,6,645618,50,Burrowes,MID,Aston Villa,a,,,,
2026-09-30T20:59:25Z,2026-27,6,577285,51,George Hemmings,MID,Aston Villa,a,,,,
2026-09-30T20:59:25Z,2026-27,6,653481,52,Alysson,MID,Aston Villa,d,75,,Unspecified injury - 75% chance of playing,2026-09-19T11:30:09.355376Z
2026-09-30T20:59:25Z,2026-27,6,614071,53,Manzambi,MID,Aston Villa,a,100,100,,2026-08-15T15:30:06.388335Z
2026-09-30T20:59:25Z,2026-27,6,448089,54,Gomes,MID,Aston Villa,a,100,100,,2026-09-16T19:30:08.742410Z
2026-09-30T20:59:25Z,2026-27,6,178301,55,Watkins,FWD,Aston Villa,u,0,0,Has joined Al Hilal permanently,2026-09-01T13:15:16.698799Z
2026-09-30T20:59:25Z,2026-27,6,173879,56,Abraham,FWD,Aston Villa,a,100,100,,2026-08-15T16:00:07.558543Z
2026-09-30T20:59:25Z,2026-27,6,493105,160,Garnacho,MID,Aston Villa,a,,,,
2026-09-30T20:59:25Z,2026-27,6,517052,166,N.Jackson,FWD,Aston Villa,a,,,,
2026-09-30T20:59:25Z,2026-27,6,690838,582,Madjo,FWD,Aston Villa,i,0,0,Unspecified injury - Unknown return date,2026-08-15T16:00:07.974271Z
2026-09-30T20:59:25Z,2026-27,6,487992,596,Ruggeri,DEF,Aston Villa,a,,,,
2026-09-30T20:59:25Z,2026-27,6,433969,597,Suzuki,GKP,Aston Villa,a,,,,
2026-09-30T20:59:25Z,2026-27,6,569577,606,Rowe,DEF,Aston Villa,a,,,,
2026-09-30T20:59:25Z,2026-27,6,571380,607,Lynch,MID,Aston Villa,u,0,0,Has joined Oxford United on loan until January,2026-09-04T12:35:39.820426Z
2026-09-30T20:59:25Z,2026-27,6,214590,611,Wan-Bissaka,DEF,Aston Villa,a,,,,
2026-09-30T20:59:25Z,2026-27,6,119090,618,Goretzka,MID,Aston Villa,i,0,0,Knee injury - Expected back 10 Oct,2026-09-09T09:30:08.229436Z
2026-09-30T20:59:25Z,2026-27,6,245719,630,Harwood-Bellis,DEF,Aston Villa,a,,,,
2026-09-30T20:59:25Z,2026-27,6,638987,631,Mbaye,MID,Aston Villa,a,,,,
2026-09-30T20:59:25Z,2026-27,6,481283,667,Wright,GKP,Aston Villa,a,,,,
2026-09-30T20:59:25Z,2026-27,6,457569,57,Petrović,GKP,Bournemouth,a,,,,
2026-09-30T20:59:25Z,2026-27,6,40383,58,Forster,GKP,Bournemouth,a,,,,
2026-09-30T20:59:25Z,2026-27,6,444172,59,Dennis,GKP,Bournemouth,u,0,0,Has joined MK Dons permanently,2026-08-27T14:53:48.692835Z
2026-09-30T20:59:25Z,2026-27,6,463981,60,Hill,DEF,Bournemouth,a,,,,
2026-09-30T20:59:25Z,2026-27,6,494521,61,Truffert,DEF,Bournemouth,a,,,,
2026-09-30T20:59:25Z,2026-27,6,242882,62,Diakité,DEF,Bournemouth,a,,,,
2026-09-30T20:59:25Z,2026-27,6,620487,63,Milosavljević,DEF,Bournemouth,i,0,0,Thigh injury - Unknown return date,2026-08-06T10:00:10.456051Z
2026-09-30T20:59:25Z,2026-27,6,54469,64,Smith,DEF,Bournemouth,a,,,,
2026-09-30T20:59:25Z,2026-27,6,436893,65,J.Araujo,DEF,Bournemouth,i,0,0,Thigh injury - Unknown return date,2026-08-09T08:00:05.645826Z
2026-09-30T20:59:25Z,2026-27,6,575901,66,Soler,DEF,Bournemouth,a,100,100,,2026-08-15T16:30:07.021055Z
2026-09-30T20:59:25Z,2026-27,6,499604,67,Rayan,MID,Bournemouth,a,,,,
2026-09-30T20:59:25Z,2026-27,6,201658,68,Tavernier,MID,Bournemouth,a,,,,
2026-09-30T20:59:25Z,2026-27,6,503139,69,Scott,MID,Bournemouth,a,,,,
2026-09-30T20:59:25Z,2026-27,6,222683,70,Kluivert,MID,Bournemouth,i,0,,Unspecified injury - Unknown return date,2026-09-20T15:30:09.074071Z
2026-09-30T20:59:25Z,2026-27,6,155408,71,Cook,MID,Bournemouth,a,,,,
2026-09-30T20:59:25Z,2026-27,6,496208,72,Gannon-Doak,MID,Bournemouth,a,,,,
2026-09-30T20:59:25Z,2026-27,6,200785,73,Adams,MID,Bournemouth,a,100,100,,2026-08-15T16:30:07.029928Z
2026-09-30T20:59:25Z,2026-27,6,111317,74,Brooks,MID,Bournemouth,a,100,100,,2026-08-15T16:30:07.037929Z
2026-09-30T20:59:25Z,2026-27,6,158499,75,Christie,MID,Bournemouth,a,100,100,,2026-07-24T17:30:10.035483Z
2026-09-30T20:59:25Z,2026-27,6,614574,76,Tóth.A,MID,Bournemouth,a,,,,
2026-09-30T20:59:25Z,2026-27,6,489888,77,Adli,MID,Bournemouth,i,0,0,Calf injury - Unknown return date,2026-08-15T16:00:07.590566Z
2026-09-30T20:59:25Z,2026-27,6,560262,78,Kroupi.Jr,MID,Bournemouth,i,0,0,Foot injury - Expected back 7 Nov,2026-07-29T17:30:09.796802Z
2026-09-30T20:59:25Z,2026-27,6,444102,79,Evanilson,FWD,Bournemouth,a,,,,
2026-09-30T20:59:25Z,2026-27,6,168636,80,Enes Ünal,FWD,Bournemouth,u,0,0,Has joined Getafe permanently,2026-08-14T14:14:21.881112Z
2026-09-30T20:59:25Z,2026-27,6,561245,81,Rodríguez,FWD,Bournemouth,a,100,100,,2026-08-15T16:30:07.054142Z
2026-09-30T20:59:25Z,2026-27,6,483067,566,Silva,DEF,Bournemouth,a,,,,
2026-09-30T20:59:25Z,2026-27,6,494928,573,Sanchez,DEF,Bournemouth,a,,,,
2026-09-30T20:59:25Z,2026-27,6,523700,608,Jebbison,FWD,Bournemouth,a,,,,
2026-09-30T20:59:25Z,2026-27,6,230650,615,Di Gregorio,GKP,Bournemouth,a,,,,
2026-09-30T20:59:25Z,2026-27,6,200720,82,Kelleher,GKP,Brentford,a,,,,
2026-09-30T20:59:25Z,2026-27,6,507433,83,Valdimarsson,GKP,Brentford,a,,,,
2026-09-30T20:59:25Z,2026-27,6,432830,84,Collins,DEF,Brentford,i,0,0,Calf injury - Unknown return date,2026-09-05T18:00:06.182495Z
2026-09-30T20:59:25Z,2026-27,6,444765,85,Van den Berg,DEF,Brentford,i,0,0,Groin injury - Unknown return date,2026-08-15T15:30:06.416627Z
2026-09-30T20:59:25Z,2026-27,6,249231,86,Lewis-Potter,MID,Brentford,a,,,,
2026-09-30T20:59:25Z,2026-27,6,191866,87,Ajer,DEF,Brentford,a,,,,
2026-09-30T20:59:25Z,2026-27,6,607464,88,Kayode,DEF,Brentford,a,,,,
2026-09-30T20:59:25Z,2026-27,6,194010,89,Henry,DEF,Brentford,a,,,,
2026-09-30T20:59:25Z,2026-27,6,472713,90,Hickey,DEF,Brentford,a,,,,
2026-09-30T20:59:25Z,2026-27,6,570241,92,Ji-soo,DEF,Brentford,a,,,,
2026-09-30T20:59:25Z,2026-27,6,513086,93,Schuster,DEF,Brentford,a,,,,
2026-09-30T20:59:25Z,2026-27,6,513418,94,Schade,MID,Brentford,a,,,,
2026-09-30T20:59:25Z,2026-27,6,533463,95,O.Dango,MID,Brentford,a,,,,
2026-09-30T20:59:25Z,2026-27,6,440089,96,Damsgaard,MID,Brentford,a,,,,
2026-09-30T20:59:25Z,2026-27,6,207283,97,Jensen,MID,Brentford,i,0,0,Unspecified injury - Expected back 10 Oct,2026-08-30T12:30:08.176795Z
2026-09-30T20:59:25Z,2026-27,6,204580,98,Janelt,MID,Brentford,a,,,,
2026-09-30T20:59:25Z,2026-27,6,543295,99,Milambo,MID,Brentford,i,0,0,Knee injury - Unknown return date,2026-07-23T12:01:23.384798Z
2026-09-30T20:59:25Z,2026-27,6,244858,100,Carvalho,MID,Brentford,a,100,100,,2026-08-18T13:58:17.442072Z
2026-09-30T20:59:25Z,2026-27,6,508395,102,Yarmoliuk,MID,Brentford,a,,,,
2026-09-30T20:59:25Z,2026-27,6,183656,103,Dasilva,MID,Brentford,i,0,0,Hamstring injury - Expected back 10 Oct,2026-09-04T13:30:08.371955Z
2026-09-30T20:59:25Z,2026-27,6,444180,105,Anthony,MID,Brentford,a,,,,
2026-09-30T20:59:25Z,2026-27,6,502500,106,Thiago,FWD,Brentford,a,,,,
2026-09-30T20:59:25Z,2026-27,6,593174,107,Furo,FWD,Brentford,i,0,0,Unspecified injury - Unknown return date,2026-09-14T14:00:09.985723Z
2026-09-30T20:59:25Z,2026-27,6,75115,108,Wilson,FWD,Brentford,a,,,,
2026-09-30T20:59:25Z,2026-27,6,513545,565,M.Sangaré,MID,Brentford,a,,,,
2026-09-30T20:59:25Z,2026-27,6,613804,620,Diouf,DEF,Brentford,a,,,,
2026-09-30T20:59:25Z,2026-27,6,626464,657,Nunes,MID,Brentford,a,,,,
2026-09-30T20:59:25Z,2026-27,6,612534,660,Fredrick,DEF,Brentford,a,,,,
2026-09-30T20:59:25Z,2026-27,6,235448,661,Balcombe,GKP,Brentford,a,,,,
2026-09-30T20:59:25Z,2026-27,6,489639,109,Verbruggen,GKP,Brighton,a,,,,
2026-09-30T20:59:25Z,2026-27,6,49262,111,Steele,GKP,Brighton,a,,,,
2026-09-30T20:59:25Z,2026-27,6,231416,113,F.Kadıoğlu,DEF,Brighton,a,100,100,,2026-08-23T13:00:07.595211Z
2026-09-30T20:59:25Z,2026-27,6,204120,114,Boscagli,DEF,Brighton,a,,,,
2026-09-30T20:59:25Z,2026-27,6,465730,115,De Cuyper,DEF,Brighton,a,,,,
2026-09-30T20:59:25Z,2026-27,6,83299,116,Dunk,DEF,Brighton,d,75,,Neck injury - 75% chance of playing,2026-09-22T09:30:09.629652Z
2026-09-30T20:59:25Z,2026-27,6,550090,117,Coppola,DEF,Brighton,a,,,,
2026-09-30T20:59:25Z,2026-27,6,223434,118,Igor,DEF,Brighton,u,0,0,Has joined Burnley permanently,2026-09-02T15:38:15.529699Z
2026-09-30T20:59:25Z,2026-27,6,451490,119,Costinha,DEF,Brighton,a,,,,
2026-09-30T20:59:25Z,2026-27,6,454490,120,Svoboda,DEF,Brighton,a,,,,
2026-09-30T20:59:25Z,2026-27,6,451340,121,Mitoma,MID,Brighton,i,0,0,Hamstring injury - Expected back 10 Oct,2026-07-24T18:30:10.661894Z
2026-09-30T20:59:25Z,2026-27,6,592031,122,Minteh,MID,Brighton,i,0,0,Leg injury - Expected back 28 Nov,2026-08-14T18:00:06.418033Z
2026-09-30T20:59:25Z,2026-27,6,532529,123,Hinshelwood,MID,Brighton,i,0,0,Ankle injury - Expected back 10 Oct,2026-08-27T19:30:07.780933Z
2026-09-30T20:59:25Z,2026-27,6,60307,124,Groß,MID,Brighton,a,,,,
2026-09-30T20:59:25Z,2026-27,6,463067,125,Georginio,FWD,Brighton,a,100,100,,2026-08-26T16:00:07.608056Z
2026-09-30T20:59:25Z,2026-27,6,219249,126,O'Riley,MID,Brighton,a,,,,
2026-09-30T20:59:25Z,2026-27,6,514254,127,Gomez,MID,Brighton,a,,,,
2026-09-30T20:59:25Z,2026-27,6,536916,128,Buonanotte,MID,Brighton,u,0,0,Has joined Elche on loan for the rest of the season,2026-08-10T14:03:07.561436Z
2026-09-30T20:59:25Z,2026-27,6,509416,129,Ayari,MID,Brighton,a,100,100,,2026-08-30T18:00:07.935334Z
2026-09-30T20:59:25Z,2026-27,6,467779,130,Wieffer,DEF,Brighton,i,0,0,Knee injury - Unknown return date,2026-09-04T09:30:08.612904Z
2026-09-30T20:59:25Z,2026-27,6,597320,132,Howell,MID,Brighton,u,0,0,Has joined Leicester City on loan for the rest of the season,2026-08-17T13:53:19.019938Z
2026-09-30T20:59:25Z,2026-27,6,549074,133,Watson,MID,Brighton,u,0,0,Has joined Leicester City on loan for the rest of the season,2026-08-03T14:05:44.459483Z
2026-09-30T20:59:25Z,2026-27,6,556637,134,Oriola,MID,Brighton,a,,,,
2026-09-30T20:59:25Z,2026-27,6,700308,135,Yohanna,MID,Brighton,i,0,0,Unspecified injury - Expected back 10 Oct,2026-09-10T13:00:08.617941Z
2026-09-30T20:59:25Z,2026-27,6,608181,137,Tzimas,FWD,Brighton,i,0,0,Knee injury - Unknown return date,2026-07-23T12:01:23.432796Z
2026-09-30T20:59:25Z,2026-27,6,647850,138,Kostoulas,FWD,Brighton,a,,,,
2026-09-30T20:59:25Z,2026-27,6,487117,139,Ferguson,FWD,Brighton,i,0,0,Ankle injury - Expected back 10 Oct,2026-07-23T12:01:23.448357Z
2026-09-30T20:59:25Z,2026-27,6,222694,328,Struijk,DEF,Brighton,d,75,100,Hamstring injury - 75% chance of playing,2026-09-22T10:00:09.404233Z
2026-09-30T20:59:25Z,2026-27,6,610799,504,Vuskovic,DEF,Brighton,a,,,,
2026-09-30T20:59:25Z,2026-27,6,538007,594,David,FWD,Brighton,a,,,,
2026-09-30T20:59:25Z,2026-27,6,612855,600,Osman,MID,Brighton,a,,,,
2026-09-30T20:59:25Z,2026-27,6,611695,605,Yalcouyé,MID,Brighton,a,,,,
2026-09-30T20:59:25Z,2026-27,6,512123,614,Hadjam,DEF,Brighton,a,,,,
2026-09-30T20:59:25Z,2026-27,6,519324,624,Cozier-Duberry,MID,Brighton,u,0,0,Has joined Middlesbrough on loan for the rest of the season,2026-09-02T15:38:15.552951Z
2026-09-30T20:59:25Z,2026-27,6,592984,639,Andrés,MID,Brighton,a,,,,
2026-09-30T20:59:25Z,2026-27,6,471551,652,Azeez,MID,Brighton,i,0,0,Hamstring injury - Expected back 10 Oct,2026-09-04T11:30:08.661589Z
2026-09-30T20:59:25Z,2026-27,6,661016,658,Ibrahim,MID,Brighton,a,,,,
2026-09-30T20:59:25Z,2026-27,6,98980,28,Martinez,GKP,Chelsea,a,,,,
2026-09-30T20:59:25Z,2026-27,6,244850,40,Rogers,MID,Chelsea,a,,,,
2026-09-30T20:59:25Z,2026-27,6,56979,101,Henderson,MID,Chelsea,a,100,50,,2026-08-09T09:30:07.136250Z
2026-09-30T20:59:25Z,2026-27,6,50175,136,Welbeck,FWD,Chelsea,a,100,100,,2026-08-20T14:00:07.949090Z
2026-09-30T20:59:25Z,2026-27,6,215059,140,Sánchez,GKP,Chelsea,u,0,0,Has joined Como on loan for the rest of the season,2026-09-02T16:20:41.841936Z
2026-09-30T20:59:25Z,2026-27,6,508479,141,Jörgensen,GKP,Chelsea,u,0,0,Has joined RC Strasbourg on loan for the rest of the season,2026-08-12T14:07:02.607115Z
2026-09-30T20:59:25Z,2026-27,6,225796,142,James,DEF,Chelsea,d,75,75,Hamstring injury - 75% chance of playing,2026-09-18T10:30:09.719371Z
2026-09-30T20:59:25Z,2026-27,6,180736,143,Chalobah,DEF,Chelsea,u,0,0,Has joined Como permanently,2026-08-10T14:03:50.769483Z
2026-09-30T20:59:25Z,2026-27,6,482609,144,Gusto,DEF,Chelsea,a,,,,
2026-09-30T20:59:25Z,2026-27,6,444463,145,Fofana,DEF,Chelsea,a,100,100,,2026-07-23T12:01:23.464591Z
2026-09-30T20:59:25Z,2026-27,6,242880,146,B.Badiashile,DEF,Chelsea,u,0,0,Has joined Napoli on loan for the rest of the season,2026-08-25T14:03:47.079414Z
2026-09-30T20:59:25Z,2026-27,6,551210,148,Hato,DEF,Chelsea,a,,,,
2026-09-30T20:59:25Z,2026-27,6,460028,149,Colwill,DEF,Chelsea,a,,,,
2026-09-30T20:59:25Z,2026-27,6,574458,150,M.Sarr,DEF,Chelsea,u,0,0,Has joined Real Sociedad on loan for the rest of the season,2026-08-29T00:34:23.077418Z
2026-09-30T20:59:25Z,2026-27,6,577016,151,Acheampong,DEF,Chelsea,a,,,,
2026-09-30T20:59:25Z,2026-27,6,620109,152,Palestra,DEF,Chelsea,d,50,50,Thigh injury - 50% chance of playing,2026-08-24T18:30:07.421239Z
2026-09-30T20:59:25Z,2026-27,6,244851,154,Palmer,MID,Chelsea,d,75,100,Muscular injury - 75% chance of playing,2026-09-21T13:00:09.022726Z
2026-09-30T20:59:25Z,2026-27,6,247632,156,Neto,MID,Chelsea,a,,,,
2026-09-30T20:59:25Z,2026-27,6,624773,157,Estêvão,MID,Chelsea,a,,,,
2026-09-30T20:59:25Z,2026-27,6,463936,158,Gittens,MID,Chelsea,d,75,,Ankle injury - 75% chance of playing,2026-09-26T05:30:09.245832Z
2026-09-30T20:59:25Z,2026-27,6,486672,159,Caicedo,MID,Chelsea,d,50,50,Calf injury - 50% chance of playing,2026-08-30T16:00:08.393562Z
2026-09-30T20:59:25Z,2026-27,6,514356,161,Lavia,MID,Chelsea,a,,,,
2026-09-30T20:59:25Z,2026-27,6,491007,163,D.Essugo,MID,Chelsea,u,0,0,Has joined RC Strasbourg on loan for the rest of the season,2026-09-02T16:20:41.865225Z
2026-09-30T20:59:25Z,2026-27,6,593117,164,Quenda,MID,Chelsea,a,100,100,,2026-07-24T20:30:10.609931Z
2026-09-30T20:59:25Z,2026-27,6,475168,165,João Pedro,FWD,Chelsea,d,75,75,Knee injury - 75% chance of playing,2026-09-16T19:00:09.919929Z
2026-09-30T20:59:25Z,2026-27,6,499309,168,Marc Guiu,FWD,Chelsea,u,0,0,Has joined RB Leipzig permanently,2026-09-01T13:24:48.857362Z
2026-09-30T20:59:25Z,2026-27,6,567119,169,Mheuka,FWD,Chelsea,a,,,,
2026-09-30T20:59:25Z,2026-27,6,503037,170,Emegha,FWD,Chelsea,i,0,0,Hamstring injury - Expected back 10 Oct,2026-09-09T15:00:09.063849Z
2026-09-30T20:59:25Z,2026-27,6,437499,200,Lacroix,DEF,Chelsea,a,,,,
2026-09-30T20:59:25Z,2026-27,6,549939,560,Penders,GKP,Chelsea,a,,,,
2026-09-30T20:59:25Z,2026-27,6,622758,561,Anselmino,DEF,Chelsea,a,100,100,,2026-08-23T19:00:08.536705Z
2026-09-30T20:59:25Z,2026-27,6,543158,568,Barco,MID,Chelsea,a,,,,
2026-09-30T20:59:25Z,2026-27,6,498444,583,Chavarria,DEF,Chelsea,a,,,,
2026-09-30T20:59:25Z,2026-27,6,636846,662,Nicoll-Jazuli,MID,Chelsea,a,,,,
2026-09-30T20:59:25Z,2026-27,6,231065,91,Pinnock,DEF,Coventry City,a,,,,
2026-09-30T20:59:25Z,2026-27,6,428580,104,Onyeka,MID,Coventry City,a,100,100,,2026-09-15T09:00:07.851220Z
2026-09-30T20:59:25Z,2026-27,6,472739,110,Rushworth,GKP,Coventry City,a,,,,
2026-09-30T20:59:25Z,2026-27,6,484389,171,Dovin,GKP,Coventry City,u,0,0,Has joined Leyton Orient on loan for the rest of the season,2026-09-02T15:44:14.839336Z
2026-09-30T20:59:25Z,2026-27,6,110690,172,Wilson,GKP,Coventry City,a,,,,
2026-09-30T20:59:25Z,2026-27,6,461102,173,Thomas,DEF,Coventry City,a,,,,
2026-09-30T20:59:25Z,2026-27,6,436761,174,Kitching,DEF,Coventry City,u,0,0,Has joined Sheffield United on loan for the rest of the season,2026-09-02T16:21:03.612394Z
2026-09-30T20:59:25Z,2026-27,6,451284,175,van Ewijk,DEF,Coventry City,d,75,,Hamstring injury - 75% chance of playing,2026-09-19T16:00:09.486751Z
2026-09-30T20:59:25Z,2026-27,6,173878,176,Dasilva,DEF,Coventry City,a,,,,
2026-09-30T20:59:25Z,2026-27,6,465390,177,Kesler-Hayden,DEF,Coventry City,i,0,0,Hamstring injury - Unknown return date,2026-08-27T14:56:28.704361Z
2026-09-30T20:59:25Z,2026-27,6,80178,178,Bidwell,DEF,Coventry City,a,,,,
2026-09-30T20:59:25Z,2026-27,6,204813,179,Latibeaudiere,DEF,Coventry City,a,,,,
2026-09-30T20:59:25Z,2026-27,6,220583,180,Woolfenden,DEF,Coventry City,i,0,0,Knee injury - Unknown return date,2026-08-27T14:56:28.718566Z
2026-09-30T20:59:25Z,2026-27,6,577411,181,Brau,DEF,Coventry City,u,0,0,Has joined Academico de Viseu on loan for the rest of the season,2026-08-29T00:35:59.980316Z
2026-09-30T20:59:25Z,2026-27,6,539142,182,Amenda,DEF,Coventry City,i,0,25,Calf injury - Unknown return date,2026-09-17T07:30:09.329041Z
2026-09-30T20:59:25Z,2026-27,6,480457,183,Rudoni,MID,Coventry City,a,100,100,,2026-07-23T12:01:23.481435Z
2026-09-30T20:59:25Z,2026-27,6,168144,184,Grimes,MID,Coventry City,a,,,,
2026-09-30T20:59:25Z,2026-27,6,501459,185,Sakamoto,MID,Coventry City,a,,,,
2026-09-30T20:59:25Z,2026-27,6,241293,186,Mason-Clark,MID,Coventry City,a,100,100,,2026-08-19T18:00:08.310507Z
2026-09-30T20:59:25Z,2026-27,6,439668,187,Eccles,MID,Coventry City,i,0,0,Unspecified injury - Expected back 12 Oct,2026-09-10T18:30:08.877110Z
2026-09-30T20:59:25Z,2026-27,6,226965,188,Torp,MID,Coventry City,a,,,,
2026-09-30T20:59:25Z,2026-27,6,684268,189,Shepherd,MID,Coventry City,a,,,,
2026-09-30T20:59:25Z,2026-27,6,469272,190,Tchaouna,MID,Coventry City,a,,,,
2026-09-30T20:59:25Z,2026-27,6,492498,191,Borges Rodrigues,MID,Coventry City,u,0,0,Has joined Burton Albion on loan for the rest of the season,2026-09-02T15:44:14.868001Z
2026-09-30T20:59:25Z,2026-27,6,629397,192,Andrews,MID,Coventry City,u,0,0,Has joined Oxford United on loan for the rest of the season,2026-08-29T00:35:59.998520Z
2026-09-30T20:59:25Z,2026-27,6,176412,193,Wright,FWD,Coventry City,i,0,0,Thigh injury - Unknown return date,2026-08-14T22:00:07.214508Z
2026-09-30T20:59:25Z,2026-27,6,230730,194,Thomas-Asante,FWD,Coventry City,a,,,,
2026-09-30T20:59:25Z,2026-27,6,218997,195,Simms,FWD,Coventry City,a,,,,
2026-09-30T20:59:25Z,2026-27,6,551262,196,Markelo,FWD,Coventry City,u,0,0,Has joined Shabab Al-Ahli Dubai permanently,2026-08-17T13:53:55.791223Z
2026-09-30T20:59:25Z,2026-27,6,549653,197,Bassette,FWD,Coventry City,u,0,0,Has joined KVC Westerlo on loan for the rest of the season,2026-07-28T12:58:50.001768Z
2026-09-30T20:59:25Z,2026-27,6,210156,492,Awoniyi,FWD,Coventry City,s,0,0,Suspended until 19 Oct,2026-09-13T15:00:09.305127Z
2026-09-30T20:59:25Z,2026-27,6,661888,575,Yirenkyi,MID,Coventry City,a,,,,
2026-09-30T20:59:25Z,2026-27,6,196100,584,Hamer,MID,Coventry City,a,,,,
2026-09-30T20:59:25Z,2026-27,6,627221,599,Cherif,FWD,Coventry City,a,,,,
2026-09-30T20:59:25Z,2026-27,6,79602,623,Bentley,GKP,Coventry City,a,,,,
2026-09-30T20:59:25Z,2026-27,6,242893,655,Gboho,MID,Coventry City,a,,,,
2026-09-30T20:59:25Z,2026-27,6,566213,656,Mfuni,DEF,Coventry City,a,,,,
2026-09-30T20:59:25Z,2026-27,6,485337,42,Guessand,MID,Crystal Palace,a,,,,
2026-09-30T20:59:25Z,2026-27,6,220362,153,Disasi,DEF,Crystal Palace,s,0,0,Suspended until 25 Oct,2026-09-12T15:30:09.445078Z
2026-09-30T20:59:25Z,2026-27,6,172649,198,Henderson,GKP,Crystal Palace,i,0,0,Foot injury - Expected back 11 Oct,2026-09-12T14:00:09.378740Z
2026-09-30T20:59:25Z,2026-27,6,121709,199,Benitez,GKP,Crystal Palace,a,,,,
2026-09-30T20:59:25Z,2026-27,6,427623,202,Richards,DEF,Crystal Palace,a,,,,
2026-09-30T20:59:25Z,2026-27,6,651426,203,Canvot,DEF,Crystal Palace,a,,,,
2026-09-30T20:59:25Z,2026-27,6,244723,204,Mitchell,DEF,Crystal Palace,a,,,,
2026-09-30T20:59:25Z,2026-27,6,218364,205,Sosa,DEF,Crystal Palace,u,0,0,Has joined FC Cologne on loan for the rest of the season,2026-09-02T16:03:25.710518Z
2026-09-30T20:59:25Z,2026-27,6,515621,206,Chadi Riad,DEF,Crystal Palace,i,0,0,Knee injury - Unknown return date,2026-08-22T18:00:07.352049Z
2026-09-30T20:59:25Z,2026-27,6,242313,207,Mingueza,DEF,Crystal Palace,a,,,,
2026-09-30T20:59:25Z,2026-27,6,232185,208,Sarr,MID,Crystal Palace,a,100,100,,2026-08-22T18:00:07.363165Z
2026-09-30T20:59:25Z,2026-27,6,496221,210,Wharton,MID,Crystal Palace,a,100,100,,2026-07-23T12:01:23.498963Z
2026-09-30T20:59:25Z,2026-27,6,488024,211,Yeremy,MID,Crystal Palace,a,,,,
2026-09-30T20:59:25Z,2026-27,6,108413,212,Hughes,MID,Crystal Palace,a,,,,
2026-09-30T20:59:25Z,2026-27,6,152551,213,Lerma,MID,Crystal Palace,a,,,,
2026-09-30T20:59:25Z,2026-27,6,209400,214,Kamada,MID,Crystal Palace,a,,,,
2026-09-30T20:59:25Z,2026-27,6,489706,215,Devenny,MID,Crystal Palace,u,0,0,Has joined Stoke City permanently,2026-09-02T15:41:07.346849Z
2026-09-30T20:59:25Z,2026-27,6,606921,216,Esse,MID,Crystal Palace,u,0,0,Has joined Millwall on loan for the rest of the season,2026-09-02T15:41:07.376544Z
2026-09-30T20:59:25Z,2026-27,6,536694,217,M.França,MID,Crystal Palace,u,0,0,Has joined Alverca on loan for the rest of the season,2026-09-11T14:42:19.322912Z
2026-09-30T20:59:25Z,2026-27,6,438464,218,Doucouré,MID,Crystal Palace,a,,,,
2026-09-30T20:59:25Z,2026-27,6,450542,219,J.Rak-Sakyi,MID,Crystal Palace,u,0,0,has joined  Kasimpasa on loan for the rest of the seaon.,2026-09-10T09:12:47.224598Z
2026-09-30T20:59:25Z,2026-27,6,590014,220,Cardines,DEF,Crystal Palace,u,0,0,Has joined Bristol City on loan for the rest of the season,2026-08-12T14:08:46.501813Z
2026-09-30T20:59:25Z,2026-27,6,672492,221,Drakes-Thomas,MID,Crystal Palace,a,,,,
2026-09-30T20:59:25Z,2026-27,6,247412,222,Strand Larsen,FWD,Crystal Palace,a,,,,
2026-09-30T20:59:25Z,2026-27,6,231747,223,Mateta,FWD,Crystal Palace,i,0,0,Hamstring injury - Expected back 11 Oct,2026-08-28T21:00:08.020382Z
2026-09-30T20:59:25Z,2026-27,6,205533,224,Nketiah,FWD,Crystal Palace,a,100,100,,2026-09-12T14:00:09.427136Z
2026-09-30T20:59:25Z,2026-27,6,660392,225,Uche,FWD,Crystal Palace,u,0,0,has returned to Getafe CF,2026-07-23T12:18:56.275922Z
2026-09-30T20:59:25Z,2026-27,6,433154,241,McNeil,MID,Crystal Palace,a,,,,
2026-09-30T20:59:25Z,2026-27,6,169593,555,Matthews,GKP,Crystal Palace,a,,,,
2026-09-30T20:59:25Z,2026-27,6,223723,577,Tomiyasu,DEF,Crystal Palace,d,75,,Calf injury - 75% chance of playing,2026-09-21T13:30:09.030724Z
2026-09-30T20:59:25Z,2026-27,6,570794,588,Khalaili,DEF,Crystal Palace,a,,,,
2026-09-30T20:59:25Z,2026-27,6,559152,595,Gozo,MID,Crystal Palace,a,,,,
2026-09-30T20:59:25Z,2026-27,6,605972,633,Ahanor,DEF,Crystal Palace,a,,,,
2026-09-30T20:59:25Z,2026-27,6,172850,643,Chilwell,DEF,Crystal Palace,a,,,,
2026-09-30T20:59:25Z,2026-27,6,450063,644,Timber,MID,Crystal Palace,a,,,,
2026-09-30T20:59:25Z,2026-27,6,533646,647,Osorio,MID,Crystal Palace,a,,,,
2026-09-30T20:59:25Z,2026-27,6,128295,21,Nørgaard,MID,Everton,i,0,0,Groin injury - Unknown return date,2026-08-15T20:00:06.779594Z
2026-09-30T20:59:25Z,2026-27,6,242898,209,Johnson,MID,Everton,a,,,,
2026-09-30T20:59:25Z,2026-27,6,111234,226,Pickford,GKP,Everton,a,,,,
2026-09-30T20:59:25Z,2026-27,6,229600,227,Travers,GKP,Everton,a,,,,
2026-09-30T20:59:25Z,2026-27,6,138001,228,King,GKP,Everton,a,,,,
2026-09-30T20:59:25Z,2026-27,6,17761,229,Tarkowski,DEF,Everton,a,,,,
2026-09-30T20:59:25Z,2026-27,6,480455,230,Branthwaite,DEF,Everton,a,,,,
2026-09-30T20:59:25Z,2026-27,6,106611,231,Keane,DEF,Everton,a,,,,
2026-09-30T20:59:25Z,2026-27,6,512462,232,O'Brien,DEF,Everton,a,,,,
2026-09-30T20:59:25Z,2026-27,6,224967,233,Mykolenko,DEF,Everton,a,,,,
2026-09-30T20:59:25Z,2026-27,6,243571,234,Patterson,DEF,Everton,u,0,0,Has joined Torino permanently,2026-09-02T16:05:23.326971Z
2026-09-30T20:59:25Z,2026-27,6,499300,235,Aznou,DEF,Everton,u,0,0,Has joined Malaga on loan for the rest of the season,2026-09-01T13:23:16.934847Z
2026-09-30T20:59:25Z,2026-27,6,215413,236,Dewsbury-Hall,MID,Everton,a,,,,
2026-09-30T20:59:25Z,2026-27,6,114283,238,Grealish,MID,Everton,a,100,100,,2026-07-29T10:00:10.492904Z
2026-09-30T20:59:25Z,2026-27,6,232928,239,Garner,MID,Everton,a,100,100,,2026-09-06T18:00:08.301702Z
2026-09-30T20:59:25Z,2026-27,6,550615,242,George,MID,Everton,a,,,,
2026-09-30T20:59:25Z,2026-27,6,502697,243,Alcaraz,MID,Everton,a,,,,
2026-09-30T20:59:25Z,2026-27,6,609873,244,Armstrong,MID,Everton,a,100,75,,2026-09-17T08:30:08.942299Z
2026-09-30T20:59:25Z,2026-27,6,496661,245,Dibling,MID,Everton,a,,,,
2026-09-30T20:59:25Z,2026-27,6,513466,246,Röhl,MID,Everton,i,0,0,Unspecified injury - Expected back 11 Oct,2026-09-16T18:00:09.541933Z
2026-09-30T20:59:25Z,2026-27,6,244860,247,Hackney,MID,Everton,a,100,100,,2026-08-26T22:00:07.797766Z
2026-09-30T20:59:25Z,2026-27,6,486385,248,Beto,FWD,Everton,u,0,0,Has joined Fiorentina permanently,2026-09-02T16:05:23.357221Z
2026-09-30T20:59:25Z,2026-27,6,586309,249,Barry,FWD,Everton,a,,,,
2026-09-30T20:59:25Z,2026-27,6,154043,649,Maitland-Niles,DEF,Everton,a,,,,
2026-09-30T20:59:25Z,2026-27,6,629068,654,Graham,MID,Everton,a,,,,
2026-09-30T20:59:25Z,2026-27,6,80201,250,Leno,GKP,Fulham,a,,,,
2026-09-30T20:59:25Z,2026-27,6,86873,251,Lecomte,GKP,Fulham,a,,,,
2026-09-30T20:59:25Z,2026-27,6,505079,252,McNally,GKP,Fulham,u,0,0,Has joined York City on loan for the rest of the season,2026-09-01T13:25:11.231240Z
2026-09-30T20:59:25Z,2026-27,6,174874,253,Andersen,DEF,Fulham,a,100,100,,2026-07-23T12:01:23.516350Z
2026-09-30T20:59:25Z,2026-27,6,169528,254,Robinson,DEF,Fulham,a,,,,
2026-09-30T20:59:25Z,2026-27,6,246301,255,J.Cuenca,DEF,Fulham,a,,,,
2026-09-30T20:59:25Z,2026-27,6,167074,256,Tete,DEF,Fulham,a,100,0,,2026-09-18T12:30:09.546158Z
2026-09-30T20:59:25Z,2026-27,6,232892,257,Bassey,DEF,Fulham,a,,,,
2026-09-30T20:59:25Z,2026-27,6,166477,258,Castagne,DEF,Fulham,a,,,,
2026-09-30T20:59:25Z,2026-27,6,153133,261,Iwobi,MID,Fulham,a,,,,
2026-09-30T20:59:25Z,2026-27,6,209289,262,Smith Rowe,MID,Fulham,a,,,,
2026-09-30T20:59:25Z,2026-27,6,560552,263,Kevin,MID,Fulham,a,,,,
2026-09-30T20:59:25Z,2026-27,6,477555,264,Bobb,MID,Fulham,a,,,,
2026-09-30T20:59:25Z,2026-27,6,207189,265,Berge,MID,Fulham,a,,,,
2026-09-30T20:59:25Z,2026-27,6,76357,266,Cairney,MID,Fulham,i,0,0,Knee injury - Expected back 10 Oct,2026-08-14T18:00:06.460944Z
2026-09-30T20:59:25Z,2026-27,6,577725,268,King,MID,Fulham,a,,,,
2026-09-30T20:59:25Z,2026-27,6,184349,269,Sessegnon,DEF,Fulham,a,100,75,,2026-09-14T11:30:07.403957Z
2026-09-30T20:59:25Z,2026-27,6,153366,270,Reed,MID,Fulham,a,,,,
2026-09-30T20:59:25Z,2026-27,6,244042,271,Muniz,FWD,Fulham,a,,,,
2026-09-30T20:59:25Z,2026-27,6,631786,272,Kusi-Asare,FWD,Fulham,a,,,,
2026-09-30T20:59:25Z,2026-27,6,551466,569,Gonzalo,FWD,Fulham,a,,,,
2026-09-30T20:59:25Z,2026-27,6,571779,570,Palacios,MID,Fulham,a,,,,
2026-09-30T20:59:25Z,2026-27,6,463210,580,Charles,MID,Fulham,a,,,,
2026-09-30T20:59:25Z,2026-27,6,547686,610,De Fougerolles,DEF,Fulham,u,0,0,has joined  Real Salt Lake on loan for the rest of the seaon.,2026-08-28T11:30:08.336405Z
2026-09-30T20:59:25Z,2026-27,6,616069,626,Zepa,MID,Fulham,a,,,,
2026-09-30T20:59:25Z,2026-27,6,551050,635,Larsson,MID,Fulham,a,,,,
2026-09-30T20:59:25Z,2026-27,6,500033,636,Ángel,MID,Fulham,a,,,,
2026-09-30T20:59:25Z,2026-27,6,442299,650,Affengruber,DEF,Fulham,a,,,,
2026-09-30T20:59:25Z,2026-27,6,490094,240,Iroegbunam,MID,Hull City,a,100,100,,2026-08-15T20:00:06.878792Z
2026-09-30T20:59:25Z,2026-27,6,167825,273,Phillips,GKP,Hull City,a,,,,
2026-09-30T20:59:25Z,2026-27,6,105666,274,Butland,GKP,Hull City,i,0,0,Arm injury - Unknown return date,2026-08-08T19:00:05.601633Z
2026-09-30T20:59:25Z,2026-27,6,494950,275,Cartwright,GKP,Hull City,u,0,0,Has joined Grimsby Town on loan for the rest of the season,2026-07-29T13:00:27.959925Z
2026-09-30T20:59:25Z,2026-27,6,444307,276,Lo-Tutala,GKP,Hull City,u,0,0,Has joined Colchester United on loan for the rest of the season,2026-08-17T13:50:27.125537Z
2026-09-30T20:59:25Z,2026-27,6,108416,277,Egan,DEF,Hull City,a,,,,
2026-09-30T20:59:25Z,2026-27,6,501902,278,Hughes,DEF,Hull City,i,0,0,Groin injury - Unknown return date,2026-08-02T09:00:11.030017Z
2026-09-30T20:59:25Z,2026-27,6,146426,279,Ajayi,DEF,Hull City,a,100,100,,2026-08-22T17:30:07.668197Z
2026-09-30T20:59:25Z,2026-27,6,193278,280,Coyle,DEF,Hull City,a,100,100,,2026-08-29T16:30:08.151841Z
2026-09-30T20:59:25Z,2026-27,6,433590,281,Drameh,DEF,Hull City,u,0,0,Has joined Genoa permanently,2026-09-02T16:09:06.479140Z
2026-09-30T20:59:25Z,2026-27,6,232351,282,Giles,DEF,Hull City,a,,,,
2026-09-30T20:59:25Z,2026-27,6,449428,283,Jacob,DEF,Hull City,u,0,0,Has joined Newport County on loan until January,2026-08-02T09:00:11.038361Z
2026-09-30T20:59:25Z,2026-27,6,661800,284,McCarthy,DEF,Hull City,a,,,,
2026-09-30T20:59:25Z,2026-27,6,160817,285,McNair,DEF,Hull City,a,100,100,,2026-09-09T13:30:08.327907Z
2026-09-30T20:59:25Z,2026-27,6,540324,286,Belloumi,MID,Hull City,a,,,,
2026-09-30T20:59:25Z,2026-27,6,232905,287,Millar,MID,Hull City,u,0,0,Has joined Birmingham on loan for the rest of the season,2026-09-02T15:36:41.038103Z
2026-09-30T20:59:25Z,2026-27,6,171270,288,Dowell,MID,Hull City,a,,,,
2026-09-30T20:59:25Z,2026-27,6,101282,289,Crooks,MID,Hull City,a,100,100,,2026-08-29T15:00:08.569326Z
2026-09-30T20:59:25Z,2026-27,6,243413,290,Slater,MID,Hull City,a,,,,
2026-09-30T20:59:25Z,2026-27,6,465525,291,Matazo,MID,Hull City,i,0,0,Knee injury - Unknown return date,2026-07-23T12:01:23.532635Z
2026-09-30T20:59:25Z,2026-27,6,208481,292,Ömür,MID,Hull City,a,,,,
2026-09-30T20:59:25Z,2026-27,6,490161,293,Kamara,MID,Hull City,u,0,0,Has joined Portsmouth permanently,2026-08-12T14:08:23.542043Z
2026-09-30T20:59:25Z,2026-27,6,553783,294,Zambrano,MID,Hull City,a,100,100,,2026-08-04T18:30:11.016909Z
2026-09-30T20:59:25Z,2026-27,6,169432,295,McBurnie,FWD,Hull City,a,,,,
2026-09-30T20:59:25Z,2026-27,6,213292,296,Akintola,MID,Hull City,u,0,0,Has joined Omonoia FC permanently,2026-09-11T14:42:38.120231Z
2026-09-30T20:59:25Z,2026-27,6,470294,297,Gyabi,MID,Hull City,i,0,0,Thigh injury - Unknown return date,2026-08-04T18:30:11.027155Z
2026-09-30T20:59:25Z,2026-27,6,500957,298,Destan,FWD,Hull City,u,0,0,Has joined Konyaspor permanently,2026-08-17T13:50:27.145733Z
2026-09-30T20:59:25Z,2026-27,6,534392,299,Burstow,FWD,Hull City,u,0,0,Has joined Sheffield Wednesday on loan for the rest of the season,2026-08-03T14:05:20.234842Z
2026-09-30T20:59:25Z,2026-27,6,462635,340,Gelhardt,MID,Hull City,a,100,100,,2026-08-17T21:30:07.799839Z
2026-09-30T20:59:25Z,2026-27,6,169359,556,Targett,DEF,Hull City,d,75,75,Ankle injury - 75% chance of playing,2026-09-17T14:00:26.419938Z
2026-09-30T20:59:25Z,2026-27,6,445028,563,Morita,MID,Hull City,i,0,0,Calf injury - Expected back 11 Oct,2026-09-09T14:00:08.474217Z
2026-09-30T20:59:25Z,2026-27,6,473284,572,Tzolakis,GKP,Hull City,a,,,,
2026-09-30T20:59:25Z,2026-27,6,552946,574,Hjertø-Dahl,MID,Hull City,a,,,,
2026-09-30T20:59:25Z,2026-27,6,608227,576,Stroud,MID,Hull City,a,,,,
2026-09-30T20:59:25Z,2026-27,6,597462,585,Herrington,DEF,Hull City,a,,,,
2026-09-30T20:59:25Z,2026-27,6,606930,586,Mendy,DEF,Hull City,a,100,0,,2026-09-12T18:00:09.334142Z
2026-09-30T20:59:25Z,2026-27,6,469266,589,Gourna-Douath,MID,Hull City,a,,,,
2026-09-30T20:59:25Z,2026-27,6,490884,617,Cho,MID,Hull City,a,,,,
2026-09-30T20:59:25Z,2026-27,6,626751,632,Ansah,FWD,Hull City,i,0,0,Back injury - Unknown return date,2026-09-09T10:00:08.919489Z
2026-09-30T20:59:25Z,2026-27,6,631000,637,Vaz,FWD,Hull City,a,,,,
2026-09-30T20:59:25Z,2026-27,6,496181,638,Norton-Cuffy,DEF,Hull City,d,75,,Hamstring injury - 75% chance of playing,2026-09-21T08:30:09.561308Z
2026-09-30T20:59:25Z,2026-27,6,243951,642,Thomas,MID,Hull City,a,,,,
2026-09-30T20:59:25Z,2026-27,6,647839,645,Mouzakitis,MID,Hull City,a,,,,
2026-09-30T20:59:25Z,2026-27,6,219924,259,Diop,DEF,Ipswich Town,a,,,,
2026-09-30T20:59:25Z,2026-27,6,212314,267,Lukić,MID,Ipswich Town,a,,,,
2026-09-30T20:59:25Z,2026-27,6,108813,300,Walton,GKP,Ipswich Town,a,,,,
2026-09-30T20:59:25Z,2026-27,6,112520,301,Palmer,GKP,Ipswich Town,a,,,,
2026-09-30T20:59:25Z,2026-27,6,50093,302,Button,GKP,Ipswich Town,a,,,,
2026-09-30T20:59:25Z,2026-27,6,183015,303,Kipré,DEF,Ipswich Town,a,,,,
2026-09-30T20:59:25Z,2026-27,6,216616,304,O'Shea,DEF,Ipswich Town,a,,,,
2026-09-30T20:59:25Z,2026-27,6,455084,305,Davis,DEF,Ipswich Town,a,,,,
2026-09-30T20:59:25Z,2026-27,6,449429,306,Greaves,DEF,Ipswich Town,a,,,,
2026-09-30T20:59:25Z,2026-27,6,222018,307,Johnson,DEF,Ipswich Town,u,0,0,Has joined Stoke City on loan for the rest of the season,2026-09-04T12:36:56.236331Z
2026-09-30T20:59:25Z,2026-27,6,176420,308,Furlong,DEF,Ipswich Town,a,,,,
2026-09-30T20:59:25Z,2026-27,6,501390,309,Núñez,MID,Ipswich Town,a,,,,
2026-09-30T20:59:25Z,2026-27,6,241117,310,Matusiwa,MID,Ipswich Town,a,100,100,,2026-07-29T18:00:10.305484Z
2026-09-30T20:59:25Z,2026-27,6,149929,311,Burns,MID,Ipswich Town,u,0,0,Has joined Leicester City permanently,2026-08-10T14:02:47.597478Z
2026-09-30T20:59:25Z,2026-27,6,231899,312,Taylor,MID,Ipswich Town,i,0,0,Knee injury - Unknown return date,2026-07-29T18:00:10.319370Z
2026-09-30T20:59:25Z,2026-27,6,443261,313,Clarke,MID,Ipswich Town,a,,,,
2026-09-30T20:59:25Z,2026-27,6,229164,314,Ogbene,MID,Ipswich Town,u,0,0,Has joined Lincoln City on loan until January,2026-09-02T16:04:17.497385Z
2026-09-30T20:59:25Z,2026-27,6,531442,315,Fatawu,MID,Ipswich Town,s,0,,Suspended until 17 Oct,2026-09-19T15:30:10.126897Z
2026-09-30T20:59:25Z,2026-27,6,543968,316,Emersonn,FWD,Ipswich Town,a,100,100,,2026-08-31T09:30:08.306145Z
2026-09-30T20:59:25Z,2026-27,6,222625,317,Hirst,FWD,Ipswich Town,u,0,0,Has joined Stoke City permanently,2026-08-21T13:06:08.606019Z
2026-09-30T20:59:25Z,2026-27,6,481624,318,Philogene,MID,Ipswich Town,a,100,100,,2026-08-25T11:30:07.532993Z
2026-09-30T20:59:25Z,2026-27,6,172453,319,Szmodics,MID,Ipswich Town,u,0,0,Has joined Derby County on loan for the rest of the season,2026-08-17T13:51:41.713979Z
2026-09-30T20:59:25Z,2026-27,6,147675,320,Akpom,FWD,Ipswich Town,a,,,,
2026-09-30T20:59:25Z,2026-27,6,557012,321,Walle Egeli,FWD,Ipswich Town,a,,,,
2026-09-30T20:59:25Z,2026-27,6,462387,322,Al-Hamadi,FWD,Ipswich Town,u,0,0,Has joined Sheffield Wednesday on loan for the rest of the season,2026-08-27T14:54:10.215357Z
2026-09-30T20:59:25Z,2026-27,6,461587,323,McAteer,MID,Ipswich Town,a,,,,
2026-09-30T20:59:25Z,2026-27,6,232457,324,Mehmeti,MID,Ipswich Town,a,,,,
2026-09-30T20:59:25Z,2026-27,6,546600,554,Van Oevelen,GKP,Ipswich Town,u,0,0,Has joined Valencia on loan for the rest of the season,2026-08-25T14:04:09.529320Z
2026-09-30T20:59:25Z,2026-27,6,442967,562,Maeda,MID,Ipswich Town,a,,,,
2026-09-30T20:59:25Z,2026-27,6,240514,564,Scherpen,GKP,Ipswich Town,a,,,,
2026-09-30T20:59:25Z,2026-27,6,216055,571,Florentino,MID,Ipswich Town,a,100,100,,2026-08-25T11:30:07.678802Z
2026-09-30T20:59:25Z,2026-27,6,474120,591,Enciso,MID,Ipswich Town,a,100,100,,2026-08-22T18:00:07.551930Z
2026-09-30T20:59:25Z,2026-27,6,572584,592,Ouattara,DEF,Ipswich Town,a,,,,
2026-09-30T20:59:25Z,2026-27,6,524180,602,Humphreys,MID,Ipswich Town,u,0,0,Has joined Huddersfield Town on loan for the rest of the season,2026-09-02T16:04:17.524642Z
2026-09-30T20:59:25Z,2026-27,6,218543,619,Palacios,MID,Ipswich Town,a,,,,
2026-09-30T20:59:25Z,2026-27,6,431639,640,Flemming,FWD,Ipswich Town,a,,,,
2026-09-30T20:59:25Z,2026-27,6,153682,260,Wilson,MID,Leeds,i,0,0,Thigh injury - Unknown return date,2026-09-18T13:30:09.626858Z
2026-09-30T20:59:25Z,2026-27,6,201595,326,Perri,GKP,Leeds,u,0,0,Has joined Torino on loan for the rest of the season,2026-09-01T13:12:39.210133Z
2026-09-30T20:59:25Z,2026-27,6,434752,327,Bijol,DEF,Leeds,a,,,,
2026-09-30T20:59:25Z,2026-27,6,214225,329,Rodon,DEF,Leeds,i,0,0,Hamstring injury - Expected back 21 Nov,2026-08-30T16:00:08.564382Z
2026-09-30T20:59:25Z,2026-27,6,226182,330,Bogle,DEF,Leeds,a,,,,
2026-09-30T20:59:25Z,2026-27,6,243526,331,Gudmundsson,DEF,Leeds,a,100,100,,2026-08-08T20:00:07.546568Z
2026-09-30T20:59:25Z,2026-27,6,220627,332,Justin,DEF,Leeds,a,,,,
2026-09-30T20:59:25Z,2026-27,6,437738,333,Bornauw,DEF,Leeds,u,0,0,Has joined Hamburg SV on loan for the rest of the season,2026-08-19T13:56:14.645970Z
2026-09-30T20:59:25Z,2026-27,6,522047,334,Muharemović,DEF,Leeds,a,,,,
2026-09-30T20:59:25Z,2026-27,6,466525,335,Stach,MID,Leeds,a,,,,
2026-09-30T20:59:25Z,2026-27,6,435997,336,Okafor,MID,Leeds,a,,,,
2026-09-30T20:59:25Z,2026-27,6,427637,337,Aaronson,MID,Leeds,a,,,,
2026-09-30T20:59:25Z,2026-27,6,199598,338,Ampadu,MID,Leeds,a,,,,
2026-09-30T20:59:25Z,2026-27,6,180135,339,Longstaff,MID,Leeds,a,,,,
2026-09-30T20:59:25Z,2026-27,6,492859,341,Gnonto,MID,Leeds,u,0,0,Has joined ACF Fiorentina on loan for the rest of the season,2026-09-02T16:04:47.189648Z
2026-09-30T20:59:25Z,2026-27,6,221399,342,Harrison,MID,Leeds,u,0,0,Has joined New England Revolution permanently,2026-07-28T12:59:09.492431Z
2026-09-30T20:59:25Z,2026-27,6,200617,343,James,MID,Leeds,a,,,,
2026-09-30T20:59:25Z,2026-27,6,486520,344,Gruev,MID,Leeds,a,100,100,,2026-08-14T23:00:06.272027Z
2026-09-30T20:59:25Z,2026-27,6,248056,345,Tanaka,MID,Leeds,a,,,,
2026-09-30T20:59:25Z,2026-27,6,177815,346,Calvert-Lewin,FWD,Leeds,a,,,,
2026-09-30T20:59:25Z,2026-27,6,174594,347,Nmecha,FWD,Leeds,a,,,,
2026-09-30T20:59:25Z,2026-27,6,235826,348,Piroe,FWD,Leeds,u,0,0,Has joined West Ham United on loan for the rest of the season,2026-08-19T13:56:14.666726Z
2026-09-30T20:59:25Z,2026-27,6,565297,349,Mateo Joseph,FWD,Leeds,i,0,0,Knee injury - Unknown return date,2026-07-29T18:00:10.338170Z
2026-09-30T20:59:25Z,2026-27,6,432720,385,Trafford,GKP,Leeds,a,,,,
2026-09-30T20:59:25Z,2026-27,6,173774,598,Elvedi,DEF,Leeds,a,,,,
2026-09-30T20:59:25Z,2026-27,6,643970,603,Lienou,DEF,Leeds,a,,,,
2026-09-30T20:59:25Z,2026-27,6,592740,604,Cresswell,MID,Leeds,a,,,,
2026-09-30T20:59:25Z,2026-27,6,97846,625,Cairns,GKP,Leeds,a,,,,
2026-09-30T20:59:25Z,2026-27,6,155465,629,Zetterer,GKP,Leeds,a,,,,
2026-09-30T20:59:25Z,2026-27,6,437497,641,Bard,DEF,Leeds,a,,,,
2026-09-30T20:59:25Z,2026-27,6,587982,648,Bahoya,MID,Leeds,a,,,,
2026-09-30T20:59:25Z,2026-27,6,116535,350,A.Becker,GKP,Liverpool,a,,,,
2026-09-30T20:59:25Z,2026-27,6,449027,351,Mamardashvili,GKP,Liverpool,a,,,,
2026-09-30T20:59:25Z,2026-27,6,155503,352,Woodman,GKP,Liverpool,a,,,,
2026-09-30T20:59:25Z,2026-27,6,586268,353,Pecsi,GKP,Liverpool,u,0,0,Has joined TSV Hartberg on loan for the rest of the season,2026-08-18T14:11:18.638344Z
2026-09-30T20:59:25Z,2026-27,6,432987,354,Jaros,GKP,Liverpool,i,0,0,Knee injury - Unknown return date,2026-07-29T18:00:10.351066Z
2026-09-30T20:59:25Z,2026-27,6,464353,355,Davies,GKP,Liverpool,a,,,,
2026-09-30T20:59:25Z,2026-27,6,97032,356,Virgil,DEF,Liverpool,a,,,,
2026-09-30T20:59:25Z,2026-27,6,216094,357,Frimpong,DEF,Liverpool,a,,,,
2026-09-30T20:59:25Z,2026-27,6,544877,358,Kerkez,DEF,Liverpool,a,,,,
2026-09-30T20:59:25Z,2026-27,6,171287,359,Gomez,DEF,Liverpool,a,100,100,,2026-07-26T08:30:10.078473Z
2026-09-30T20:59:25Z,2026-27,6,492777,360,Bradley,DEF,Liverpool,i,0,0,Knee injury - Unknown return date,2026-07-23T12:01:23.565711Z
2026-09-30T20:59:25Z,2026-27,6,519440,361,Lucky,DEF,Liverpool,a,,,,
2026-09-30T20:59:25Z,2026-27,6,606702,362,Jacquet,DEF,Liverpool,a,100,100,,2026-07-23T12:01:23.581126Z
2026-09-30T20:59:25Z,2026-27,6,647681,363,Leoni,DEF,Liverpool,i,0,0,Knee injury - Unknown return date,2026-07-23T12:01:23.596909Z
2026-09-30T20:59:25Z,2026-27,6,214285,364,Tsimikas,DEF,Liverpool,a,,,,
2026-09-30T20:59:25Z,2026-27,6,489580,365,Ramsay,DEF,Liverpool,u,0,0,Has joined St Mirren on loan for the rest of the season,2026-08-26T14:05:26.748768Z
2026-09-30T20:59:25Z,2026-27,6,494595,366,Wirtz,MID,Liverpool,a,,,,
2026-09-30T20:59:25Z,2026-27,6,243298,367,Gakpo,MID,Liverpool,d,75,100,Ankle injury - 75% chance of playing,2026-09-27T21:30:07.786183Z
2026-09-30T20:59:25Z,2026-27,6,424876,368,Szoboszlai,MID,Liverpool,a,,,,
2026-09-30T20:59:25Z,2026-27,6,611922,369,Ngumoha,MID,Liverpool,a,,,,
2026-09-30T20:59:25Z,2026-27,6,223541,370,Chiesa,MID,Liverpool,i,0,0,Back injury - Unknown return date,2026-08-27T13:30:07.598926Z
2026-09-30T20:59:25Z,2026-27,6,441266,371,Gravenberch,MID,Liverpool,a,,,,
2026-09-30T20:59:25Z,2026-27,6,243016,372,Mac Allister,MID,Liverpool,a,,,,
2026-09-30T20:59:25Z,2026-27,6,206915,373,C.Jones,MID,Liverpool,u,0,0,Has joined Internazionale permanently,2026-08-16T18:30:07.426408Z
2026-09-30T20:59:25Z,2026-27,6,158983,374,Endo,MID,Liverpool,a,100,100,,2026-07-23T12:01:23.612529Z
2026-09-30T20:59:25Z,2026-27,6,591386,375,Nyoni,MID,Liverpool,a,,,,
2026-09-30T20:59:25Z,2026-27,6,535928,376,Bajcetic,MID,Liverpool,u,0,0,Has joined Celta Vigo permanently,2026-07-23T12:01:23.628373Z
2026-09-30T20:59:25Z,2026-27,6,551499,377,Munoz,MID,Liverpool,a,,,,
2026-09-30T20:59:25Z,2026-27,6,491501,378,McConnell,MID,Liverpool,a,,,,
2026-09-30T20:59:25Z,2026-27,6,219168,379,Isak,FWD,Liverpool,d,75,,Thigh injury - 75% chance of playing,2026-09-27T10:30:09.051435Z
2026-09-30T20:59:25Z,2026-27,6,510663,380,Ekitiké,FWD,Liverpool,i,0,0,Achilles injury - Unknown return date,2026-07-23T12:01:23.643771Z
2026-09-30T20:59:25Z,2026-27,6,514514,381,Koumas,MID,Liverpool,a,,,,
2026-09-30T20:59:25Z,2026-27,6,500058,382,Danns,FWD,Liverpool,a,100,100,,2026-07-23T12:01:23.659279Z
2026-09-30T20:59:25Z,2026-27,6,444884,383,Elliott,MID,Liverpool,u,0,0,Has joined Valencia on loan for the rest of the season,2026-09-02T16:05:49.104326Z
2026-09-30T20:59:25Z,2026-27,6,445087,579,Araujo,DEF,Liverpool,a,,,,
2026-09-30T20:59:25Z,2026-27,6,482616,627,Barcola,MID,Liverpool,a,,,,
2026-09-30T20:59:25Z,2026-27,6,448047,155,Enzo,MID,Man City,a,,,,
2026-09-30T20:59:25Z,2026-27,6,440993,237,Ndiaye,MID,Man City,a,,,,
2026-09-30T20:59:25Z,2026-27,6,204936,384,Donnarumma,GKP,Man City,a,,,,
2026-09-30T20:59:25Z,2026-27,6,122074,386,Bettinelli,GKP,Man City,a,,,,
2026-09-30T20:59:25Z,2026-27,6,472769,387,O'Reilly,DEF,Man City,a,100,100,,2026-09-05T18:00:06.379802Z
2026-09-30T20:59:25Z,2026-27,6,209036,388,Guéhi,DEF,Man City,a,,,,
2026-09-30T20:59:25Z,2026-27,6,465351,389,Matheus N.,DEF,Man City,a,100,100,,2026-08-27T11:30:08.171622Z
2026-09-30T20:59:25Z,2026-27,6,171314,390,Rúben,DEF,Man City,a,,,,
2026-09-30T20:59:25Z,2026-27,6,477424,391,Gvardiol,DEF,Man City,a,,,,
2026-09-30T20:59:25Z,2026-27,6,448514,392,Aït-Nouri,DEF,Man City,a,,,,
2026-09-30T20:59:25Z,2026-27,6,578153,393,Khusanov,DEF,Man City,a,,,,
2026-09-30T20:59:25Z,2026-27,6,494307,394,Alleyne,DEF,Man City,u,0,0,Has joined Burnley on loan for the rest of the season,2026-08-18T14:11:56.324656Z
2026-09-30T20:59:25Z,2026-27,6,477064,395,Lewis,DEF,Man City,a,,,,
2026-09-30T20:59:25Z,2026-27,6,616222,396,Vitor Reis,DEF,Man City,a,,,,
2026-09-30T20:59:25Z,2026-27,6,437730,397,Semenyo,MID,Man City,d,75,,Ankle injury - 75% chance of playing,2026-09-24T12:00:09.848000Z
2026-09-30T20:59:25Z,2026-27,6,209244,398,Foden,MID,Man City,s,0,0,Suspended until 17 Oct,2026-09-13T17:00:09.433455Z
2026-09-30T20:59:25Z,2026-27,6,466052,399,Cherki,MID,Man City,a,,,,
2026-09-30T20:59:25Z,2026-27,6,248875,400,Doku,MID,Man City,a,100,75,,2026-08-18T17:00:08.385597Z
2026-09-30T20:59:25Z,2026-27,6,220566,402,Rodrigo,MID,Man City,u,0,0,Has joined Barcelona permanently,2026-07-23T12:01:23.675537Z
2026-09-30T20:59:25Z,2026-27,6,433036,404,Reijnders,MID,Man City,u,0,0,Has joined Al Qadsiah permanently,2026-08-20T14:02:58.154273Z
2026-09-30T20:59:25Z,2026-27,6,91651,406,Kovačić,MID,Man City,a,,,,
2026-09-30T20:59:25Z,2026-27,6,575204,407,Echeverri,MID,Man City,u,0,0,Has joined Benfica on loan for the rest of the season,2026-09-03T15:41:24.710479Z
2026-09-30T20:59:25Z,2026-27,6,155405,408,Phillips,MID,Man City,u,0,0,Has joined Sheffield United on loan for the rest of the season,2026-08-18T14:11:56.348781Z
2026-09-30T20:59:25Z,2026-27,6,590039,409,Mukasa,MID,Man City,u,0,0,has joined West Ham on loan for the rest of the seaon.,2026-09-03T10:34:10.733520Z
2026-09-30T20:59:25Z,2026-27,6,649208,410,Monga,MID,Man City,u,0,0,Has joined Swansea City on loan for the rest of the season,2026-09-02T16:02:01.136760Z
2026-09-30T20:59:25Z,2026-27,6,223094,411,Haaland,FWD,Man City,a,,,,
2026-09-30T20:59:25Z,2026-27,6,215379,481,Anderson,MID,Man City,a,100,100,,2026-08-23T17:00:07.952697Z
2026-09-30T20:59:25Z,2026-27,6,106921,587,Rulli,GKP,Man City,a,,,,
2026-09-30T20:59:25Z,2026-27,6,637238,616,Bouaddi,MID,Man City,a,,,,
2026-09-30T20:59:25Z,2026-27,6,616288,621,McAidoo,MID,Man City,a,,,,
2026-09-30T20:59:25Z,2026-27,6,554054,622,Braithwaite,DEF,Man City,a,,,,
2026-09-30T20:59:25Z,2026-27,6,624777,628,Allan,MID,Man City,a,,,,
2026-09-30T20:59:25Z,2026-27,6,595480,653,Samba,MID,Man City,a,,,,
2026-09-30T20:59:25Z,2026-27,6,166989,43,Tielemans,MID,Man Utd,a,100,100,,2026-07-23T12:01:23.321726Z
2026-09-30T20:59:25Z,2026-27,6,535301,131,Baleba,MID,Man Utd,a,100,50,,2026-08-06T16:00:10.997714Z
2026-09-30T20:59:25Z,2026-27,6,532605,162,Andrey Santos,MID,Man Utd,a,,,,
2026-09-30T20:59:25Z,2026-27,6,59735,325,Darlow,GKP,Man Utd,d,75,100,Unspecified injury - 75% chance of playing,2026-09-21T13:30:08.885505Z
2026-09-30T20:59:25Z,2026-27,6,465247,412,Lammens,GKP,Man Utd,a,,,,
2026-09-30T20:59:25Z,2026-27,6,451302,413,Bayindir,GKP,Man Utd,u,0,0,Has joined Celta Vigo on loan for the rest of the season,2026-08-10T14:02:28.608415Z
2026-09-30T20:59:25Z,2026-27,6,21205,414,Heaton,GKP,Man Utd,i,0,0,Hamstring injury - Unknown return date,2026-08-15T16:00:07.854151Z
2026-09-30T20:59:25Z,2026-27,6,596777,415,Dorgu,MID,Man Utd,d,75,,Hamstring injury - 75% chance of playing,2026-09-27T21:30:07.831640Z
2026-09-30T20:59:25Z,2026-27,6,209365,416,De Ligt,DEF,Man Utd,i,0,0,Back injury - Unknown return date,2026-07-23T12:01:23.690880Z
2026-09-30T20:59:25Z,2026-27,6,216051,417,Dalot,DEF,Man Utd,a,,,,
2026-09-30T20:59:25Z,2026-27,6,95658,418,Maguire,DEF,Man Utd,a,,,,
2026-09-30T20:59:25Z,2026-27,6,221820,419,Martinez,DEF,Man Utd,a,100,100,,2026-07-24T20:00:10.337107Z
2026-09-30T20:59:25Z,2026-27,6,550864,420,Yoro,DEF,Man Utd,a,,,,
2026-09-30T20:59:25Z,2026-27,6,606745,421,Heaven,DEF,Man Utd,a,,,,
2026-09-30T20:59:25Z,2026-27,6,230001,422,Mazraoui,DEF,Man Utd,a,,,,
2026-09-30T20:59:25Z,2026-27,6,106760,423,Shaw,DEF,Man Utd,a,100,50,,2026-09-11T13:00:09.030120Z
2026-09-30T20:59:25Z,2026-27,6,577974,424,Amass,DEF,Man Utd,a,,,,
2026-09-30T20:59:25Z,2026-27,6,547676,425,Fredricson,DEF,Man Utd,u,0,0,Has joined Lausanne-Sport permanently,2026-08-18T14:12:31.904433Z
2026-09-30T20:59:25Z,2026-27,6,141746,426,B.Fernandes,MID,Man Utd,a,,,,
2026-09-30T20:59:25Z,2026-27,6,446008,427,Mbeumo,MID,Man Utd,a,,,,
2026-09-30T20:59:25Z,2026-27,6,430871,428,Cunha,MID,Man Utd,a,,,,
2026-09-30T20:59:25Z,2026-27,6,176297,429,Rashford,MID,Man Utd,d,75,,Unspecified injury - 75% chance of playing,2026-09-21T10:30:09.221479Z
2026-09-30T20:59:25Z,2026-27,6,184341,430,Mount,MID,Man Utd,a,100,100,,2026-08-15T16:00:07.879135Z
2026-09-30T20:59:25Z,2026-27,6,493250,431,Amad,MID,Man Utd,i,0,0,Unspecified injury - Unknown return date,2026-08-22T11:00:08.617283Z
2026-09-30T20:59:25Z,2026-27,6,516895,432,Mainoo,MID,Man Utd,d,75,,Unspecified injury - 75% chance of playing,2026-09-21T13:00:09.169862Z
2026-09-30T20:59:25Z,2026-27,6,232112,433,Ugarte,MID,Man Utd,i,0,0,Knee injury - Unknown return date,2026-07-23T12:01:23.706702Z
2026-09-30T20:59:25Z,2026-27,6,547037,434,J.Fletcher,MID,Man Utd,a,,,,
2026-09-30T20:59:25Z,2026-27,6,576628,435,Lacey,MID,Man Utd,a,,,,
2026-09-30T20:59:25Z,2026-27,6,490881,436,Collyer,MID,Man Utd,u,0,0,Has joined West Brom permanently,2026-09-01T13:16:48.584385Z
2026-09-30T20:59:25Z,2026-27,6,576620,437,Bendito Mantato,MID,Man Utd,a,,,,
2026-09-30T20:59:25Z,2026-27,6,519913,438,Fletcher,MID,Man Utd,a,,,,
2026-09-30T20:59:25Z,2026-27,6,485711,439,Šeško,FWD,Man Utd,d,75,100,Shin injury - 75% chance of playing,2026-09-20T19:30:08.505755Z
2026-09-30T20:59:25Z,2026-27,6,458249,440,Zirkzee,FWD,Man Utd,a,,,,
2026-09-30T20:59:25Z,2026-27,6,596047,441,Obi,FWD,Man Utd,u,0,0,Has joined Willem II on loan for the rest of the season,2026-09-14T16:12:42.090874Z
2026-09-30T20:59:25Z,2026-27,6,465694,405,N.Gonzalez,MID,Newcastle,a,100,0,,2026-09-14T21:30:07.343728Z
2026-09-30T20:59:25Z,2026-27,6,98747,442,Pope,GKP,Newcastle,a,,,,
2026-09-30T20:59:25Z,2026-27,6,81441,443,Gillespie,GKP,Newcastle,a,,,,
2026-09-30T20:59:25Z,2026-27,6,554578,444,Jaouen,GKP,Newcastle,d,50,50,Ankle injury - 50% chance of playing,2026-09-10T16:00:09.127466Z
2026-09-30T20:59:25Z,2026-27,6,465642,445,Thiaw,DEF,Newcastle,a,,,,
2026-09-30T20:59:25Z,2026-27,6,119471,446,Schär,DEF,Newcastle,a,100,100,,2026-08-15T16:30:07.209742Z
2026-09-30T20:59:25Z,2026-27,6,220237,447,Botman,DEF,Newcastle,a,,,,
2026-09-30T20:59:25Z,2026-27,6,78916,448,Burn,DEF,Newcastle,i,0,0,Ankle injury - Expected back 12 Oct,2026-08-23T18:00:08.367241Z
2026-09-30T20:59:25Z,2026-27,6,487838,449,Hall,DEF,Newcastle,a,,,,
2026-09-30T20:59:25Z,2026-27,6,441191,450,Livramento,DEF,Newcastle,d,75,100,Unspecified injury - 75% chance of playing,2026-09-19T14:00:09.046677Z
2026-09-30T20:59:25Z,2026-27,6,545477,451,A.Murphy,DEF,Newcastle,u,0,0,Has joined FC Kaiserslautern on loan for the rest of the season,2026-08-12T14:05:29.224600Z
2026-09-30T20:59:25Z,2026-27,6,201666,453,Barnes,MID,Newcastle,a,,,,
2026-09-30T20:59:25Z,2026-27,6,449434,454,Elanga,MID,Newcastle,i,0,0,Unspecified injury - Unknown return date,2026-09-14T20:00:09.505598Z
2026-09-30T20:59:25Z,2026-27,6,232653,456,J.Ramsey,MID,Newcastle,i,0,0,Thigh injury - Unknown return date,2026-09-15T09:00:08.191022Z
2026-09-30T20:59:25Z,2026-27,6,114243,457,J.Murphy,MID,Newcastle,a,,,,
2026-09-30T20:59:25Z,2026-27,6,180974,458,Joelinton,MID,Newcastle,i,0,0,Unspecified injury - Unknown return date,2026-08-16T08:00:08.074045Z
2026-09-30T20:59:25Z,2026-27,6,547719,459,L.Miley,MID,Newcastle,a,100,100,,2026-07-23T12:01:23.785456Z
2026-09-30T20:59:25Z,2026-27,6,200089,460,Willock,MID,Newcastle,a,,,,
2026-09-30T20:59:25Z,2026-27,6,611665,461,Touré,MID,Newcastle,a,,,,
2026-09-30T20:59:25Z,2026-27,6,636852,462,Steur,MID,Newcastle,a,,,,
2026-09-30T20:59:25Z,2026-27,6,470313,463,Woltemade,FWD,Newcastle,u,0,0,Has joined Juventus on loan for the rest of the season,2026-09-02T16:07:16.549304Z
2026-09-30T20:59:25Z,2026-27,6,216646,464,Wissa,FWD,Newcastle,a,,,,
2026-09-30T20:59:25Z,2026-27,6,538207,465,Osula,FWD,Newcastle,i,0,0,Foot injury - Unknown return date,2026-08-25T19:00:08.004915Z
2026-09-30T20:59:25Z,2026-27,6,599303,466,Neave,FWD,Newcastle,u,0,0,Has joined Wolves on loan for the rest of the season,2026-09-04T12:37:43.515176Z
2026-09-30T20:59:25Z,2026-27,6,632794,559,Bamba,MID,Newcastle,a,,,,
2026-09-30T20:59:25Z,2026-27,6,470551,567,Horníček,GKP,Newcastle,a,,,,
2026-09-30T20:59:25Z,2026-27,6,463726,593,Dedić,DEF,Newcastle,i,0,0,Unspecified injury - Unknown return date,2026-09-17T14:30:09.823731Z
2026-09-30T20:59:25Z,2026-27,6,553746,609,Shahar,DEF,Newcastle,u,0,0,has joined Arouca on loan for the rest of the seaon.,2026-09-11T14:41:57.406766Z
2026-09-30T20:59:25Z,2026-27,6,613221,634,Fernandez-Pardo,FWD,Newcastle,a,,,,
2026-09-30T20:59:25Z,2026-27,6,665243,659,Miley,MID,Newcastle,a,,,,
2026-09-30T20:59:25Z,2026-27,6,578512,663,Pivas,DEF,Newcastle,a,,,,
2026-09-30T20:59:25Z,2026-27,6,601767,664,Salia,FWD,Newcastle,a,,,,
2026-09-30T20:59:25Z,2026-27,6,655585,665,Mills,MID,Newcastle,a,,,,
2026-09-30T20:59:25Z,2026-27,6,671875,666,Thompson,MID,Newcastle,a,,,,
2026-09-30T20:59:25Z,2026-27,6,463034,167,Delap,FWD,Nott'm Forest,a,,,,
2026-09-30T20:59:25Z,2026-27,6,247348,201,Muñoz,DEF,Nott'm Forest,a,,,,
2026-09-30T20:59:25Z,2026-27,6,85633,467,Sels,GKP,Nott'm Forest,a,,,,
2026-09-30T20:59:25Z,2026-27,6,221389,468,John,GKP,Nott'm Forest,a,,,,
2026-09-30T20:59:25Z,2026-27,6,215136,469,N.Williams,DEF,Nott'm Forest,a,,,,
2026-09-30T20:59:25Z,2026-27,6,485047,470,Morato,DEF,Nott'm Forest,u,0,0,Has joined West Ham on loan for the rest of the season,2026-09-02T16:19:54.503286Z
2026-09-30T20:59:25Z,2026-27,6,227444,471,Milenković,DEF,Nott'm Forest,i,0,0,Hamstring injury - Expected back 11 Oct,2026-09-12T14:00:09.705107Z
2026-09-30T20:59:25Z,2026-27,6,575476,472,Murillo,DEF,Nott'm Forest,a,100,100,,2026-07-23T12:01:23.801183Z
2026-09-30T20:59:25Z,2026-27,6,159506,473,Aina,DEF,Nott'm Forest,a,,,,
2026-09-30T20:59:25Z,2026-27,6,575458,474,Jair Cunha,DEF,Nott'm Forest,a,100,75,,2026-09-12T14:00:09.724349Z
2026-09-30T20:59:25Z,2026-27,6,500151,475,Savona,DEF,Nott'm Forest,i,0,0,Knee injury - Unknown return date,2026-07-23T12:01:23.816304Z
2026-09-30T20:59:25Z,2026-27,6,204822,476,O.Richards,DEF,Nott'm Forest,a,,,,
2026-09-30T20:59:25Z,2026-27,6,549067,477,Abbott,DEF,Nott'm Forest,u,0,0,Has joined Southampton on loan for the rest of the season,2026-09-02T16:19:54.536676Z
2026-09-30T20:59:25Z,2026-27,6,470315,478,Netz,DEF,Nott'm Forest,a,,,,
2026-09-30T20:59:25Z,2026-27,6,538638,479,Bindon,DEF,Nott'm Forest,u,0,0,Has joined Charlton Athletic on loan for the rest of the season,2026-09-01T13:16:05.383880Z
2026-09-30T20:59:25Z,2026-27,6,222531,480,Gibbs-White,MID,Nott'm Forest,a,100,100,,2026-08-24T15:30:08.350159Z
2026-09-30T20:59:25Z,2026-27,6,209046,482,Hudson-Odoi,MID,Nott'm Forest,a,100,100,,2026-07-23T12:01:23.832709Z
2026-09-30T20:59:25Z,2026-27,6,456512,483,Ndoye,MID,Nott'm Forest,a,,,,
2026-09-30T20:59:25Z,2026-27,6,503301,484,Hutchinson,MID,Nott'm Forest,u,0,0,Has joined AC Milan on loan for the rest of the season,2026-09-01T13:23:52.340206Z
2026-09-30T20:59:25Z,2026-27,6,476887,485,Bakwa,MID,Nott'm Forest,u,0,0,Has joined Lille on loan for the rest of the season,2026-08-27T14:53:03.381941Z
2026-09-30T20:59:25Z,2026-27,6,432714,486,McAtee,MID,Nott'm Forest,a,,,,
2026-09-30T20:59:25Z,2026-27,6,250199,487,Dominguez,MID,Nott'm Forest,a,,,,
2026-09-30T20:59:25Z,2026-27,6,210462,488,I.Sangaré,MID,Nott'm Forest,a,100,100,,2026-08-28T09:30:07.471668Z
2026-09-30T20:59:25Z,2026-27,6,204968,489,Yates,MID,Nott'm Forest,a,100,100,,2026-08-17T20:30:08.195072Z
2026-09-30T20:59:25Z,2026-27,6,60689,490,Wood,FWD,Nott'm Forest,a,,,,
2026-09-30T20:59:25Z,2026-27,6,482973,491,Igor Jesus,FWD,Nott'm Forest,a,,,,
2026-09-30T20:59:25Z,2026-27,6,465680,493,Kalimuendo,FWD,Nott'm Forest,a,,,,
2026-09-30T20:59:25Z,2026-27,6,204561,558,Schlager,MID,Nott'm Forest,a,,,,
2026-09-30T20:59:25Z,2026-27,6,568420,581,Diomande,DEF,Nott'm Forest,a,,,,
2026-09-30T20:59:25Z,2026-27,6,428971,590,Benda,GKP,Nott'm Forest,a,,,,
2026-09-30T20:59:25Z,2026-27,6,469142,112,Van Hecke,DEF,Spurs,d,75,,Foot injury - 75% chance of playing,2026-09-30T16:00:09.552205Z
2026-09-30T20:59:25Z,2026-27,6,109646,147,Tosin,DEF,Spurs,a,,,,
2026-09-30T20:59:25Z,2026-27,6,438234,401,Marmoush,FWD,Spurs,a,,,,
2026-09-30T20:59:25Z,2026-27,6,510281,403,Sávio,MID,Spurs,a,100,100,,2026-08-29T16:30:08.380416Z
2026-09-30T20:59:25Z,2026-27,6,432422,455,Tonali,MID,Spurs,a,100,100,,2026-09-14T14:30:07.387706Z
2026-09-30T20:59:25Z,2026-27,6,184254,494,Vicario,GKP,Spurs,u,0,0,Has joined Juventus on loan for the rest of the season,2026-08-19T13:55:33.193962Z
2026-09-30T20:59:25Z,2026-27,6,214572,495,Austin,GKP,Spurs,a,,,,
2026-09-30T20:59:25Z,2026-27,6,485055,496,Kinsky,GKP,Spurs,a,,,,
2026-09-30T20:59:25Z,2026-27,6,67089,497,Dubravka,GKP,Spurs,a,,,,
2026-09-30T20:59:25Z,2026-27,6,221466,498,Senesi,DEF,Spurs,a,,,,
2026-09-30T20:59:25Z,2026-27,6,441164,499,Pedro Porro,DEF,Spurs,d,75,100,Hamstring injury - 75% chance of playing,2026-09-19T12:00:08.823872Z
2026-09-30T20:59:25Z,2026-27,6,221632,500,Romero,DEF,Spurs,u,0,0,Has joined Atletico Madrid permanently,2026-08-17T13:49:05.465401Z
2026-09-30T20:59:25Z,2026-27,6,122798,502,Robertson,DEF,Spurs,a,,,,
2026-09-30T20:59:25Z,2026-27,6,491279,503,Van de Ven,DEF,Spurs,a,100,100,,2026-08-21T15:00:07.610517Z
2026-09-30T20:59:25Z,2026-27,6,232859,505,Spence,DEF,Spurs,u,0,0,Has joined Internazionale permanently,2026-08-18T14:13:08.454214Z
2026-09-30T20:59:25Z,2026-27,6,487053,506,Udogie,DEF,Spurs,a,100,100,,2026-09-11T18:00:09.092110Z
2026-09-30T20:59:25Z,2026-27,6,548308,507,Phillips,DEF,Spurs,u,0,0,Has joined Middlesbrough permanently,2026-08-18T14:13:08.474144Z
2026-09-30T20:59:25Z,2026-27,6,115556,508,Davies,DEF,Spurs,a,,,,
2026-09-30T20:59:25Z,2026-27,6,640419,509,Byfield,DEF,Spurs,a,,,,
2026-09-30T20:59:25Z,2026-27,6,499716,510,Rowswell,DEF,Spurs,a,,,,
2026-09-30T20:59:25Z,2026-27,6,616221,511,Souza,DEF,Spurs,u,0,0,Has joined FC Porto on loan for the rest of the season,2026-09-01T13:24:26.858636Z
2026-09-30T20:59:25Z,2026-27,6,460842,512,Kudus,MID,Spurs,a,100,100,,2026-07-23T12:01:23.848657Z
2026-09-30T20:59:25Z,2026-27,6,493362,513,Xavi,MID,Spurs,i,0,0,Knee injury - Unknown return date,2026-07-23T12:01:23.864304Z
2026-09-30T20:59:25Z,2026-27,6,511499,514,Tel,MID,Spurs,a,,,,
2026-09-30T20:59:25Z,2026-27,6,172780,515,Maddison,MID,Spurs,a,100,100,,2026-08-25T14:30:07.623508Z
2026-09-30T20:59:25Z,2026-27,6,202993,516,Bentancur,MID,Spurs,a,,,,
2026-09-30T20:59:25Z,2026-27,6,550839,517,Odobert,MID,Spurs,i,0,0,Knee injury - Unknown return date,2026-07-23T12:01:23.879434Z
2026-09-30T20:59:25Z,2026-27,6,482442,518,P.M.Sarr,MID,Spurs,u,0,0,Has joined Juventus on loan for the rest of the season,2026-09-02T16:02:43.386849Z
2026-09-30T20:59:25Z,2026-27,6,232787,519,Gallagher,MID,Spurs,a,,,,
2026-09-30T20:59:25Z,2026-27,6,570526,520,Bergvall,MID,Spurs,a,,,,
2026-09-30T20:59:25Z,2026-27,6,445044,521,Kulusevski,MID,Spurs,i,0,0,Knee injury - Unknown return date,2026-07-23T12:01:23.895175Z
2026-09-30T20:59:25Z,2026-27,6,547701,522,Gray,MID,Spurs,a,,,,
2026-09-30T20:59:25Z,2026-27,6,499721,523,Moore,MID,Spurs,u,0,0,Has joined FC Köln on loan for the rest of the season,2026-09-04T12:39:48.098158Z
2026-09-30T20:59:25Z,2026-27,6,499726,524,Olusesi,MID,Spurs,a,,,,
2026-09-30T20:59:25Z,2026-27,6,551226,525,Fernandes,MID,Spurs,a,,,,
2026-09-30T20:59:25Z,2026-27,6,154566,526,Solanke,FWD,Spurs,a,,,,
2026-09-30T20:59:25Z,2026-27,6,212319,527,Richarlison,FWD,Spurs,u,0,0,not included in squad.,2026-09-04T12:32:39.183614Z
2026-09-30T20:59:25Z,2026-27,6,490145,528,Scarlett,FWD,Spurs,u,0,0,Has joined Leyton Orient permanently,2026-09-02T16:02:43.413625Z
2026-09-30T20:59:25Z,2026-27,6,465920,578,Mudryk,MID,Spurs,i,0,0,Ankle injury - Unknown return date,2026-09-11T18:00:09.154412Z
2026-09-30T20:59:25Z,2026-27,6,611917,601,Williams-Barnett,MID,Spurs,a,,,,
2026-09-30T20:59:25Z,2026-27,6,135720,501,Danso,DEF,Sunderland,a,,,,
2026-09-30T20:59:25Z,2026-27,6,498016,529,Roefs,GKP,Sunderland,a,,,,
2026-09-30T20:59:25Z,2026-27,6,232571,530,Patterson,GKP,Sunderland,u,0,0,Has joined Wrexham permanently,2026-08-12T14:08:03.064533Z
2026-09-30T20:59:25Z,2026-27,6,515046,531,Ellborg,GKP,Sunderland,a,,,,
2026-09-30T20:59:25Z,2026-27,6,223827,532,Ballard,DEF,Sunderland,d,75,,Hamstring injury - 75% chance of playing,2026-09-25T21:30:10.370384Z
2026-09-30T20:59:25Z,2026-27,6,200834,533,Mukiele,DEF,Sunderland,a,100,100,,2026-08-09T08:30:05.954750Z
2026-09-30T20:59:25Z,2026-27,6,487676,534,Hume,DEF,Sunderland,a,,,,
2026-09-30T20:59:25Z,2026-27,6,201895,535,Alderete,DEF,Sunderland,a,100,100,,2026-08-09T08:30:05.962393Z
2026-09-30T20:59:25Z,2026-27,6,434399,536,Reinildo,DEF,Sunderland,a,100,0,,2026-09-12T21:30:09.421687Z
2026-09-30T20:59:25Z,2026-27,6,519634,537,Seelt,DEF,Sunderland,u,0,0,Has joined Swansea City on loan for the rest of the season,2026-08-29T00:34:52.425076Z
2026-09-30T20:59:25Z,2026-27,6,477547,538,Hjelde,DEF,Sunderland,u,0,0,Has joined KV Mechelen on loan for the rest of the season,2026-08-12T14:08:03.081789Z
2026-09-30T20:59:25Z,2026-27,6,167512,539,O'Nien,DEF,Sunderland,a,,,,
2026-09-30T20:59:25Z,2026-27,6,105717,540,Masuaku,DEF,Sunderland,u,0,0,Has joined Konyaspor permanently,2026-08-12T14:08:03.097784Z
2026-09-30T20:59:25Z,2026-27,6,93605,541,Meunier,DEF,Sunderland,a,100,100,,2026-08-16T08:30:07.830062Z
2026-09-30T20:59:25Z,2026-27,6,484420,542,E.Le Fée,MID,Sunderland,a,,,,
2026-09-30T20:59:25Z,2026-27,6,547027,543,Diarra,MID,Sunderland,i,0,0,Hamstring injury - Unknown return date,2026-08-30T16:30:08.428960Z
2026-09-30T20:59:25Z,2026-27,6,84450,544,Xhaka,MID,Sunderland,a,,,,
2026-09-30T20:59:25Z,2026-27,6,577669,545,Sadiki,MID,Sunderland,a,,,,
2026-09-30T20:59:25Z,2026-27,6,535818,546,Adingra,MID,Sunderland,u,0,0,Has joined Ajax on loan for the rest of the season,2026-08-20T14:00:08.416985Z
2026-09-30T20:59:25Z,2026-27,6,461199,547,Mundle,MID,Sunderland,i,0,0,Knee injury - Unknown return date,2026-09-09T14:00:08.462705Z
2026-09-30T20:59:25Z,2026-27,6,554197,548,Rigg,MID,Sunderland,a,,,,
2026-09-30T20:59:25Z,2026-27,6,549912,549,Talbi,MID,Sunderland,a,,,,
2026-09-30T20:59:25Z,2026-27,6,699989,550,Jocelin.T,MID,Sunderland,a,,,,
2026-09-30T20:59:25Z,2026-27,6,536661,551,N.Angulo,MID,Sunderland,a,,,,
2026-09-30T20:59:25Z,2026-27,6,441264,552,Brobbey,FWD,Sunderland,d,75,,Hamstring injury - 75% chance of playing,2026-09-24T21:30:10.382142Z
2026-09-30T20:59:25Z,2026-27,6,437505,553,Isidor,FWD,Sunderland,a,,,,
2026-09-30T20:59:25Z,2026-27,6,638411,612,Methalie,DEF,Sunderland,a,100,100,,2026-08-28T13:00:08.950445Z
2026-09-30T20:59:25Z,2026-27,6,696104,613,Ahoka,MID,Sunderland,a,,,,
2026-09-30T20:59:25Z,2026-27,6,549940,646,Fofana,MID,Sunderland,a,,,,
2026-09-30T20:59:25Z,2026-27,6,661313,651,J.Angulo,FWD,Sunderland,a,,,,
2026-10-02T11:52:50Z,2026-27,6,224967,233,Mykolenko,DEF,Everton,d,75,,Leg injury - 75% chance of playing,2026-10-01T19:30:09.402881Z
2026-10-02T11:52:50Z,2026-27,6,472769,387,O'Reilly,DEF,Man City,d,75,100,Unspecified injury - 75% chance of playing,2026-10-01T15:30:10.272693Z
2026-10-02T11:52:50Z,2026-27,6,547719,459,L.Miley,MID,Newcastle,d,75,100,Unspecified injury - 75% chance of playing,2026-10-01T15:30:10.335504Z
